surgeon_name,improvement
Han Solo,0.1305580448065173
Darth Maul,0.12720507399577166
Jar Jar Binks,0.125226019845645
Padme Amidala,0.12456184486373165
Obi-Wan Kenobi,0.12127463312368973
Mon Mothma,0.11582530120481929
Darth Vader,0.11435441767068273
Princess Leia,0.11010990206746464
Luke Skywalker,0.10898672566371681
Yoda,0.10263386243386244
